Order,Weight
0.0,0.22178158164024353
1.0,0.22035951912403107
2.0,0.2194594442844391
3.0,0.21132513880729675
4.0,0.12707431614398956
