Order,Weight
0.0,0.22211451828479767
1.0,0.21854114532470703
2.0,0.22219641506671906
3.0,0.20956572890281677
4.0,0.12758222222328186
